tweet_id,status_url,name,location,description,url,protected,followers_count,friends_count,listed_count,statuses_count,favourites_count,account_created_at,verified,profile_url
347,https://twitter.com/CodeClanScot/status/1131477871397081088,CodeClan,Edinburgh & Glasgow & Inverness,Change your career through our immersive full time courses or up-skill through our range of short courses. Join our team and hire job-ready talent!,https://t.co/cT46pkkCBO,FALSE,5835,2632,119,6103,4443,13/05/15 08:21,FALSE,https://t.co/cT46pkkCBO
346,https://twitter.com/CodeClanScot/status/1131199199725477888,CodeClan,Edinburgh & Glasgow & Inverness,Change your career through our immersive full time courses or up-skill through our range of short courses. Join our team and hire job-ready talent!,https://t.co/cT46pkkCBO,FALSE,5835,2632,119,6103,4443,13/05/15 08:21,FALSE,https://t.co/cT46pkkCBO
345,https://twitter.com/CodeClanScot/status/1131198519769993217,CodeClan,Edinburgh & Glasgow & Inverness,Change your career through our immersive full time courses or up-skill through our range of short courses. Join our team and hire job-ready talent!,https://t.co/cT46pkkCBO,FALSE,5835,2632,119,6103,4443,13/05/15 08:21,FALSE,https://t.co/cT46pkkCBO
344,https://twitter.com/CodeClanScot/status/1131188636991541248,CodeClan,Edinburgh & Glasgow & Inverness,Change your career through our immersive full time courses or up-skill through our range of short courses. Join our team and hire job-ready talent!,https://t.co/cT46pkkCBO,FALSE,5835,2632,119,6103,4443,13/05/15 08:21,FALSE,https://t.co/cT46pkkCBO
343,https://twitter.com/CodeClanScot/status/1131140312888483840,CodeClan,Edinburgh & Glasgow & Inverness,Change your career through our immersive full time courses or up-skill through our range of short courses. Join our team and hire job-ready talent!,https://t.co/cT46pkkCBO,FALSE,5835,2632,119,6103,4443,13/05/15 08:21,FALSE,https://t.co/cT46pkkCBO
342,https://twitter.com/CodeClanScot/status/1130824730263601153,CodeClan,Edinburgh & Glasgow & Inverness,Change your career through our immersive full time courses or up-skill through our range of short courses. Join our team and hire job-ready talent!,https://t.co/cT46pkkCBO,FALSE,5835,2632,119,6103,4443,13/05/15 08:21,FALSE,https://t.co/cT46pkkCBO
341,https://twitter.com/CodeClanScot/status/1130815974062678017,CodeClan,Edinburgh & Glasgow & Inverness,Change your career through our immersive full time courses or up-skill through our range of short courses. Join our team and hire job-ready talent!,https://t.co/cT46pkkCBO,FALSE,5835,2632,119,6103,4443,13/05/15 08:21,FALSE,https://t.co/cT46pkkCBO
340,https://twitter.com/CodeClanScot/status/1130814363667972096,CodeClan,Edinburgh & Glasgow & Inverness,Change your career through our immersive full time courses or up-skill through our range of short courses. Join our team and hire job-ready talent!,https://t.co/cT46pkkCBO,FALSE,5835,2632,119,6103,4443,13/05/15 08:21,FALSE,https://t.co/cT46pkkCBO
339,https://twitter.com/CodeClanScot/status/1130814292566134789,CodeClan,Edinburgh & Glasgow & Inverness,Change your career through our immersive full time courses or up-skill through our range of short courses. Join our team and hire job-ready talent!,https://t.co/cT46pkkCBO,FALSE,5835,2632,119,6103,4443,13/05/15 08:21,FALSE,https://t.co/cT46pkkCBO
338,https://twitter.com/CodeClanScot/status/1130795810659209216,CodeClan,Edinburgh & Glasgow & Inverness,Change your career through our immersive full time courses or up-skill through our range of short courses. Join our team and hire job-ready talent!,https://t.co/cT46pkkCBO,FALSE,5835,2632,119,6103,4443,13/05/15 08:21,FALSE,https://t.co/cT46pkkCBO
337,https://twitter.com/CodeClanScot/status/1130776345863233536,CodeClan,Edinburgh & Glasgow & Inverness,Change your career through our immersive full time courses or up-skill through our range of short courses. Join our team and hire job-ready talent!,https://t.co/cT46pkkCBO,FALSE,5835,2632,119,6103,4443,13/05/15 08:21,FALSE,https://t.co/cT46pkkCBO
336,https://twitter.com/CodeClanScot/status/1130776181710741505,CodeClan,Edinburgh & Glasgow & Inverness,Change your career through our immersive full time courses or up-skill through our range of short courses. Join our team and hire job-ready talent!,https://t.co/cT46pkkCBO,FALSE,5835,2632,119,6103,4443,13/05/15 08:21,FALSE,https://t.co/cT46pkkCBO
335,https://twitter.com/CodeClanScot/status/1130482539683110912,CodeClan,Edinburgh & Glasgow & Inverness,Change your career through our immersive full time courses or up-skill through our range of short courses. Join our team and hire job-ready talent!,https://t.co/cT46pkkCBO,FALSE,5835,2632,119,6103,4443,13/05/15 08:21,FALSE,https://t.co/cT46pkkCBO
334,https://twitter.com/CodeClanScot/status/1130461794957500417,CodeClan,Edinburgh & Glasgow & Inverness,Change your career through our immersive full time courses or up-skill through our range of short courses. Join our team and hire job-ready talent!,https://t.co/cT46pkkCBO,FALSE,5835,2632,119,6103,4443,13/05/15 08:21,FALSE,https://t.co/cT46pkkCBO
333,https://twitter.com/CodeClanScot/status/1130453287117971456,CodeClan,Edinburgh & Glasgow & Inverness,Change your career through our immersive full time courses or up-skill through our range of short courses. Join our team and hire job-ready talent!,https://t.co/cT46pkkCBO,FALSE,5835,2632,119,6103,4443,13/05/15 08:21,FALSE,https://t.co/cT46pkkCBO
332,https://twitter.com/CodeClanScot/status/1130453006896553989,CodeClan,Edinburgh & Glasgow & Inverness,Change your career through our immersive full time courses or up-skill through our range of short courses. Join our team and hire job-ready talent!,https://t.co/cT46pkkCBO,FALSE,5835,2632,119,6103,4443,13/05/15 08:21,FALSE,https://t.co/cT46pkkCBO
331,https://twitter.com/CodeClanScot/status/1130440208137297920,CodeClan,Edinburgh & Glasgow & Inverness,Change your career through our immersive full time courses or up-skill through our range of short courses. Join our team and hire job-ready talent!,https://t.co/cT46pkkCBO,FALSE,5835,2632,119,6103,4443,13/05/15 08:21,FALSE,https://t.co/cT46pkkCBO
330,https://twitter.com/CodeClanScot/status/1130438861593763840,CodeClan,Edinburgh & Glasgow & Inverness,Change your career through our immersive full time courses or up-skill through our range of short courses. Join our team and hire job-ready talent!,https://t.co/cT46pkkCBO,FALSE,5835,2632,119,6103,4443,13/05/15 08:21,FALSE,https://t.co/cT46pkkCBO
329,https://twitter.com/CodeClanScot/status/1130416635750297600,CodeClan,Edinburgh & Glasgow & Inverness,Change your career through our immersive full time courses or up-skill through our range of short courses. Join our team and hire job-ready talent!,https://t.co/cT46pkkCBO,FALSE,5835,2632,119,6103,4443,13/05/15 08:21,FALSE,https://t.co/cT46pkkCBO
328,https://twitter.com/CodeClanScot/status/1130395217813745664,CodeClan,Edinburgh & Glasgow & Inverness,Change your career through our immersive full time courses or up-skill through our range of short courses. Join our team and hire job-ready talent!,https://t.co/cT46pkkCBO,FALSE,5835,2632,119,6103,4443,13/05/15 08:21,FALSE,https://t.co/cT46pkkCBO
327,https://twitter.com/CodeClanScot/status/1130395041254518784,CodeClan,Edinburgh & Glasgow & Inverness,Change your career through our immersive full time courses or up-skill through our range of short courses. Join our team and hire job-ready talent!,https://t.co/cT46pkkCBO,FALSE,5835,2632,119,6103,4443,13/05/15 08:21,FALSE,https://t.co/cT46pkkCBO
326,https://twitter.com/CodeClanScot/status/1130392750975803392,CodeClan,Edinburgh & Glasgow & Inverness,Change your career through our immersive full time courses or up-skill through our range of short courses. Join our team and hire job-ready talent!,https://t.co/cT46pkkCBO,FALSE,5835,2632,119,6103,4443,13/05/15 08:21,FALSE,https://t.co/cT46pkkCBO
325,https://twitter.com/CodeClanScot/status/1130389467376832513,CodeClan,Edinburgh & Glasgow & Inverness,Change your career through our immersive full time courses or up-skill through our range of short courses. Join our team and hire job-ready talent!,https://t.co/cT46pkkCBO,FALSE,5835,2632,119,6103,4443,13/05/15 08:21,FALSE,https://t.co/cT46pkkCBO
324,https://twitter.com/CodeClanScot/status/1129748808139759616,CodeClan,Edinburgh & Glasgow & Inverness,Change your career through our immersive full time courses or up-skill through our range of short courses. Join our team and hire job-ready talent!,https://t.co/cT46pkkCBO,FALSE,5835,2632,119,6103,4443,13/05/15 08:21,FALSE,https://t.co/cT46pkkCBO
323,https://twitter.com/CodeClanScot/status/1129431774206017536,CodeClan,Edinburgh & Glasgow & Inverness,Change your career through our immersive full time courses or up-skill through our range of short courses. Join our team and hire job-ready talent!,https://t.co/cT46pkkCBO,FALSE,5835,2632,119,6103,4443,13/05/15 08:21,FALSE,https://t.co/cT46pkkCBO
322,https://twitter.com/CodeClanScot/status/1129416802205876224,CodeClan,Edinburgh & Glasgow & Inverness,Change your career through our immersive full time courses or up-skill through our range of short courses. Join our team and hire job-ready talent!,https://t.co/cT46pkkCBO,FALSE,5835,2632,119,6103,4443,13/05/15 08:21,FALSE,https://t.co/cT46pkkCBO
321,https://twitter.com/CodeClanScot/status/1129410758847148033,CodeClan,Edinburgh & Glasgow & Inverness,Change your career through our immersive full time courses or up-skill through our range of short courses. Join our team and hire job-ready talent!,https://t.co/cT46pkkCBO,FALSE,5835,2632,119,6103,4443,13/05/15 08:21,FALSE,https://t.co/cT46pkkCBO
320,https://twitter.com/CodeClanScot/status/1129410747677720577,CodeClan,Edinburgh & Glasgow & Inverness,Change your career through our immersive full time courses or up-skill through our range of short courses. Join our team and hire job-ready talent!,https://t.co/cT46pkkCBO,FALSE,5835,2632,119,6103,4443,13/05/15 08:21,FALSE,https://t.co/cT46pkkCBO
319,https://twitter.com/CodeClanScot/status/1129410746469822465,CodeClan,Edinburgh & Glasgow & Inverness,Change your career through our immersive full time courses or up-skill through our range of short courses. Join our team and hire job-ready talent!,https://t.co/cT46pkkCBO,FALSE,5835,2632,119,6103,4443,13/05/15 08:21,FALSE,https://t.co/cT46pkkCBO
318,https://twitter.com/CodeClanScot/status/1129383207969992705,CodeClan,Edinburgh & Glasgow & Inverness,Change your career through our immersive full time courses or up-skill through our range of short courses. Join our team and hire job-ready talent!,https://t.co/cT46pkkCBO,FALSE,5835,2632,119,6103,4443,13/05/15 08:21,FALSE,https://t.co/cT46pkkCBO
317,https://twitter.com/CodeClanScot/status/1129383084762247177,CodeClan,Edinburgh & Glasgow & Inverness,Change your career through our immersive full time courses or up-skill through our range of short courses. Join our team and hire job-ready talent!,https://t.co/cT46pkkCBO,FALSE,5835,2632,119,6103,4443,13/05/15 08:21,FALSE,https://t.co/cT46pkkCBO
316,https://twitter.com/CodeClanScot/status/1129295676825886721,CodeClan,Edinburgh & Glasgow & Inverness,Change your career through our immersive full time courses or up-skill through our range of short courses. Join our team and hire job-ready talent!,https://t.co/cT46pkkCBO,FALSE,5835,2632,119,6103,4443,13/05/15 08:21,FALSE,https://t.co/cT46pkkCBO
315,https://twitter.com/CodeClanScot/status/1129073528559546369,CodeClan,Edinburgh & Glasgow & Inverness,Change your career through our immersive full time courses or up-skill through our range of short courses. Join our team and hire job-ready talent!,https://t.co/cT46pkkCBO,FALSE,5835,2632,119,6103,4443,13/05/15 08:21,FALSE,https://t.co/cT46pkkCBO
314,https://twitter.com/CodeClanScot/status/1129017480544968704,CodeClan,Edinburgh & Glasgow & Inverness,Change your career through our immersive full time courses or up-skill through our range of short courses. Join our team and hire job-ready talent!,https://t.co/cT46pkkCBO,FALSE,5835,2632,119,6103,4443,13/05/15 08:21,FALSE,https://t.co/cT46pkkCBO
313,https://twitter.com/CodeClanScot/status/1129009657626931207,CodeClan,Edinburgh & Glasgow & Inverness,Change your career through our immersive full time courses or up-skill through our range of short courses. Join our team and hire job-ready talent!,https://t.co/cT46pkkCBO,FALSE,5835,2632,119,6103,4443,13/05/15 08:21,FALSE,https://t.co/cT46pkkCBO
312,https://twitter.com/CodeClanScot/status/1129001203734601728,CodeClan,Edinburgh & Glasgow & Inverness,Change your career through our immersive full time courses or up-skill through our range of short courses. Join our team and hire job-ready talent!,https://t.co/cT46pkkCBO,FALSE,5835,2632,119,6103,4443,13/05/15 08:21,FALSE,https://t.co/cT46pkkCBO
311,https://twitter.com/CodeClanScot/status/1128976684634562561,CodeClan,Edinburgh & Glasgow & Inverness,Change your career through our immersive full time courses or up-skill through our range of short courses. Join our team and hire job-ready talent!,https://t.co/cT46pkkCBO,FALSE,5835,2632,119,6103,4443,13/05/15 08:21,FALSE,https://t.co/cT46pkkCBO
310,https://twitter.com/CodeClanScot/status/1128953925741240322,CodeClan,Edinburgh & Glasgow & Inverness,Change your career through our immersive full time courses or up-skill through our range of short courses. Join our team and hire job-ready talent!,https://t.co/cT46pkkCBO,FALSE,5835,2632,119,6103,4443,13/05/15 08:21,FALSE,https://t.co/cT46pkkCBO
309,https://twitter.com/CodeClanScot/status/1128941881403084800,CodeClan,Edinburgh & Glasgow & Inverness,Change your career through our immersive full time courses or up-skill through our range of short courses. Join our team and hire job-ready talent!,https://t.co/cT46pkkCBO,FALSE,5835,2632,119,6103,4443,13/05/15 08:21,FALSE,https://t.co/cT46pkkCBO
308,https://twitter.com/CodeClanScot/status/1128673425210400768,CodeClan,Edinburgh & Glasgow & Inverness,Change your career through our immersive full time courses or up-skill through our range of short courses. Join our team and hire job-ready talent!,https://t.co/cT46pkkCBO,FALSE,5835,2632,119,6103,4443,13/05/15 08:21,FALSE,https://t.co/cT46pkkCBO
307,https://twitter.com/CodeClanScot/status/1128672917494161409,CodeClan,Edinburgh & Glasgow & Inverness,Change your career through our immersive full time courses or up-skill through our range of short courses. Join our team and hire job-ready talent!,https://t.co/cT46pkkCBO,FALSE,5835,2632,119,6103,4443,13/05/15 08:21,FALSE,https://t.co/cT46pkkCBO
306,https://twitter.com/CodeClanScot/status/1128660601360801792,CodeClan,Edinburgh & Glasgow & Inverness,Change your career through our immersive full time courses or up-skill through our range of short courses. Join our team and hire job-ready talent!,https://t.co/cT46pkkCBO,FALSE,5835,2632,119,6103,4443,13/05/15 08:21,FALSE,https://t.co/cT46pkkCBO
305,https://twitter.com/CodeClanScot/status/1128655726854004736,CodeClan,Edinburgh & Glasgow & Inverness,Change your career through our immersive full time courses or up-skill through our range of short courses. Join our team and hire job-ready talent!,https://t.co/cT46pkkCBO,FALSE,5835,2632,119,6103,4443,13/05/15 08:21,FALSE,https://t.co/cT46pkkCBO
304,https://twitter.com/CodeClanScot/status/1128653076544540673,CodeClan,Edinburgh & Glasgow & Inverness,Change your career through our immersive full time courses or up-skill through our range of short courses. Join our team and hire job-ready talent!,https://t.co/cT46pkkCBO,FALSE,5835,2632,119,6103,4443,13/05/15 08:21,FALSE,https://t.co/cT46pkkCBO
303,https://twitter.com/CodeClanScot/status/1128650783845691394,CodeClan,Edinburgh & Glasgow & Inverness,Change your career through our immersive full time courses or up-skill through our range of short courses. Join our team and hire job-ready talent!,https://t.co/cT46pkkCBO,FALSE,5835,2632,119,6103,4443,13/05/15 08:21,FALSE,https://t.co/cT46pkkCBO
302,https://twitter.com/CodeClanScot/status/1128650612504182784,CodeClan,Edinburgh & Glasgow & Inverness,Change your career through our immersive full time courses or up-skill through our range of short courses. Join our team and hire job-ready talent!,https://t.co/cT46pkkCBO,FALSE,5835,2632,119,6103,4443,13/05/15 08:21,FALSE,https://t.co/cT46pkkCBO
301,https://twitter.com/CodeClanScot/status/1128650573090365441,CodeClan,Edinburgh & Glasgow & Inverness,Change your career through our immersive full time courses or up-skill through our range of short courses. Join our team and hire job-ready talent!,https://t.co/cT46pkkCBO,FALSE,5835,2632,119,6103,4443,13/05/15 08:21,FALSE,https://t.co/cT46pkkCBO
300,https://twitter.com/CodeClanScot/status/1128640596913074178,CodeClan,Edinburgh & Glasgow & Inverness,Change your career through our immersive full time courses or up-skill through our range of short courses. Join our team and hire job-ready talent!,https://t.co/cT46pkkCBO,FALSE,5835,2632,119,6103,4443,13/05/15 08:21,FALSE,https://t.co/cT46pkkCBO
299,https://twitter.com/CodeClanScot/status/1128630757734350848,CodeClan,Edinburgh & Glasgow & Inverness,Change your career through our immersive full time courses or up-skill through our range of short courses. Join our team and hire job-ready talent!,https://t.co/cT46pkkCBO,FALSE,5835,2632,119,6103,4443,13/05/15 08:21,FALSE,https://t.co/cT46pkkCBO
298,https://twitter.com/CodeClanScot/status/1128629999010029568,CodeClan,Edinburgh & Glasgow & Inverness,Change your career through our immersive full time courses or up-skill through our range of short courses. Join our team and hire job-ready talent!,https://t.co/cT46pkkCBO,FALSE,5835,2632,119,6103,4443,13/05/15 08:21,FALSE,https://t.co/cT46pkkCBO
297,https://twitter.com/CodeClanScot/status/1128624871100039168,CodeClan,Edinburgh & Glasgow & Inverness,Change your career through our immersive full time courses or up-skill through our range of short courses. Join our team and hire job-ready talent!,https://t.co/cT46pkkCBO,FALSE,5835,2632,119,6103,4443,13/05/15 08:21,FALSE,https://t.co/cT46pkkCBO
296,https://twitter.com/CodeClanScot/status/1128618877485748224,CodeClan,Edinburgh & Glasgow & Inverness,Change your career through our immersive full time courses or up-skill through our range of short courses. Join our team and hire job-ready talent!,https://t.co/cT46pkkCBO,FALSE,5835,2632,119,6103,4443,13/05/15 08:21,FALSE,https://t.co/cT46pkkCBO
295,https://twitter.com/CodeClanScot/status/1128608577495687168,CodeClan,Edinburgh & Glasgow & Inverness,Change your career through our immersive full time courses or up-skill through our range of short courses. Join our team and hire job-ready talent!,https://t.co/cT46pkkCBO,FALSE,5835,2632,119,6103,4443,13/05/15 08:21,FALSE,https://t.co/cT46pkkCBO
294,https://twitter.com/CodeClanScot/status/1128606992010969090,CodeClan,Edinburgh & Glasgow & Inverness,Change your career through our immersive full time courses or up-skill through our range of short courses. Join our team and hire job-ready talent!,https://t.co/cT46pkkCBO,FALSE,5835,2632,119,6103,4443,13/05/15 08:21,FALSE,https://t.co/cT46pkkCBO
293,https://twitter.com/CodeClanScot/status/1128605418480197632,CodeClan,Edinburgh & Glasgow & Inverness,Change your career through our immersive full time courses or up-skill through our range of short courses. Join our team and hire job-ready talent!,https://t.co/cT46pkkCBO,FALSE,5835,2632,119,6103,4443,13/05/15 08:21,FALSE,https://t.co/cT46pkkCBO
292,https://twitter.com/CodeClanScot/status/1128605003118202880,CodeClan,Edinburgh & Glasgow & Inverness,Change your career through our immersive full time courses or up-skill through our range of short courses. Join our team and hire job-ready talent!,https://t.co/cT46pkkCBO,FALSE,5835,2632,119,6103,4443,13/05/15 08:21,FALSE,https://t.co/cT46pkkCBO
291,https://twitter.com/CodeClanScot/status/1128604113699311617,CodeClan,Edinburgh & Glasgow & Inverness,Change your career through our immersive full time courses or up-skill through our range of short courses. Join our team and hire job-ready talent!,https://t.co/cT46pkkCBO,FALSE,5835,2632,119,6103,4443,13/05/15 08:21,FALSE,https://t.co/cT46pkkCBO
290,https://twitter.com/CodeClanScot/status/1128603239094550528,CodeClan,Edinburgh & Glasgow & Inverness,Change your career through our immersive full time courses or up-skill through our range of short courses. Join our team and hire job-ready talent!,https://t.co/cT46pkkCBO,FALSE,5835,2632,119,6103,4443,13/05/15 08:21,FALSE,https://t.co/cT46pkkCBO
289,https://twitter.com/CodeClanScot/status/1128601847730667520,CodeClan,Edinburgh & Glasgow & Inverness,Change your career through our immersive full time courses or up-skill through our range of short courses. Join our team and hire job-ready talent!,https://t.co/cT46pkkCBO,FALSE,5835,2632,119,6103,4443,13/05/15 08:21,FALSE,https://t.co/cT46pkkCBO
288,https://twitter.com/CodeClanScot/status/1128601576128569344,CodeClan,Edinburgh & Glasgow & Inverness,Change your career through our immersive full time courses or up-skill through our range of short courses. Join our team and hire job-ready talent!,https://t.co/cT46pkkCBO,FALSE,5835,2632,119,6103,4443,13/05/15 08:21,FALSE,https://t.co/cT46pkkCBO
287,https://twitter.com/CodeClanScot/status/1128600751348047872,CodeClan,Edinburgh & Glasgow & Inverness,Change your career through our immersive full time courses or up-skill through our range of short courses. Join our team and hire job-ready talent!,https://t.co/cT46pkkCBO,FALSE,5835,2632,119,6103,4443,13/05/15 08:21,FALSE,https://t.co/cT46pkkCBO
286,https://twitter.com/CodeClanScot/status/1128600718204645376,CodeClan,Edinburgh & Glasgow & Inverness,Change your career through our immersive full time courses or up-skill through our range of short courses. Join our team and hire job-ready talent!,https://t.co/cT46pkkCBO,FALSE,5835,2632,119,6103,4443,13/05/15 08:21,FALSE,https://t.co/cT46pkkCBO
285,https://twitter.com/CodeClanScot/status/1128598020809998336,CodeClan,Edinburgh & Glasgow & Inverness,Change your career through our immersive full time courses or up-skill through our range of short courses. Join our team and hire job-ready talent!,https://t.co/cT46pkkCBO,FALSE,5835,2632,119,6103,4443,13/05/15 08:21,FALSE,https://t.co/cT46pkkCBO
284,https://twitter.com/CodeClanScot/status/1128594306183368704,CodeClan,Edinburgh & Glasgow & Inverness,Change your career through our immersive full time courses or up-skill through our range of short courses. Join our team and hire job-ready talent!,https://t.co/cT46pkkCBO,FALSE,5835,2632,119,6103,4443,13/05/15 08:21,FALSE,https://t.co/cT46pkkCBO
283,https://twitter.com/CodeClanScot/status/1128594271307751425,CodeClan,Edinburgh & Glasgow & Inverness,Change your career through our immersive full time courses or up-skill through our range of short courses. Join our team and hire job-ready talent!,https://t.co/cT46pkkCBO,FALSE,5835,2632,119,6103,4443,13/05/15 08:21,FALSE,https://t.co/cT46pkkCBO
282,https://twitter.com/CodeClanScot/status/1128593255703162880,CodeClan,Edinburgh & Glasgow & Inverness,Change your career through our immersive full time courses or up-skill through our range of short courses. Join our team and hire job-ready talent!,https://t.co/cT46pkkCBO,FALSE,5835,2632,119,6103,4443,13/05/15 08:21,FALSE,https://t.co/cT46pkkCBO
281,https://twitter.com/CodeClanScot/status/1128589563868450816,CodeClan,Edinburgh & Glasgow & Inverness,Change your career through our immersive full time courses or up-skill through our range of short courses. Join our team and hire job-ready talent!,https://t.co/cT46pkkCBO,FALSE,5835,2632,119,6103,4443,13/05/15 08:21,FALSE,https://t.co/cT46pkkCBO
280,https://twitter.com/CodeClanScot/status/1128575304744697856,CodeClan,Edinburgh & Glasgow & Inverness,Change your career through our immersive full time courses or up-skill through our range of short courses. Join our team and hire job-ready talent!,https://t.co/cT46pkkCBO,FALSE,5835,2632,119,6103,4443,13/05/15 08:21,FALSE,https://t.co/cT46pkkCBO
279,https://twitter.com/CodeClanScot/status/1128575151866568704,CodeClan,Edinburgh & Glasgow & Inverness,Change your career through our immersive full time courses or up-skill through our range of short courses. Join our team and hire job-ready talent!,https://t.co/cT46pkkCBO,FALSE,5835,2632,119,6103,4443,13/05/15 08:21,FALSE,https://t.co/cT46pkkCBO
278,https://twitter.com/CodeClanScot/status/1128290232800096257,CodeClan,Edinburgh & Glasgow & Inverness,Change your career through our immersive full time courses or up-skill through our range of short courses. Join our team and hire job-ready talent!,https://t.co/cT46pkkCBO,FALSE,5835,2632,119,6103,4443,13/05/15 08:21,FALSE,https://t.co/cT46pkkCBO
277,https://twitter.com/CodeClanScot/status/1128290035931992064,CodeClan,Edinburgh & Glasgow & Inverness,Change your career through our immersive full time courses or up-skill through our range of short courses. Join our team and hire job-ready talent!,https://t.co/cT46pkkCBO,FALSE,5835,2632,119,6103,4443,13/05/15 08:21,FALSE,https://t.co/cT46pkkCBO
276,https://twitter.com/CodeClanScot/status/1128289920815177728,CodeClan,Edinburgh & Glasgow & Inverness,Change your career through our immersive full time courses or up-skill through our range of short courses. Join our team and hire job-ready talent!,https://t.co/cT46pkkCBO,FALSE,5835,2632,119,6103,4443,13/05/15 08:21,FALSE,https://t.co/cT46pkkCBO
275,https://twitter.com/CodeClanScot/status/1128289722701361152,CodeClan,Edinburgh & Glasgow & Inverness,Change your career through our immersive full time courses or up-skill through our range of short courses. Join our team and hire job-ready talent!,https://t.co/cT46pkkCBO,FALSE,5835,2632,119,6103,4443,13/05/15 08:21,FALSE,https://t.co/cT46pkkCBO
274,https://twitter.com/CodeClanScot/status/1128253511437832192,CodeClan,Edinburgh & Glasgow & Inverness,Change your career through our immersive full time courses or up-skill through our range of short courses. Join our team and hire job-ready talent!,https://t.co/cT46pkkCBO,FALSE,5835,2632,119,6103,4443,13/05/15 08:21,FALSE,https://t.co/cT46pkkCBO
273,https://twitter.com/CodeClanScot/status/1128251740711788547,CodeClan,Edinburgh & Glasgow & Inverness,Change your career through our immersive full time courses or up-skill through our range of short courses. Join our team and hire job-ready talent!,https://t.co/cT46pkkCBO,FALSE,5835,2632,119,6103,4443,13/05/15 08:21,FALSE,https://t.co/cT46pkkCBO
272,https://twitter.com/CodeClanScot/status/1128249687939661824,CodeClan,Edinburgh & Glasgow & Inverness,Change your career through our immersive full time courses or up-skill through our range of short courses. Join our team and hire job-ready talent!,https://t.co/cT46pkkCBO,FALSE,5835,2632,119,6103,4443,13/05/15 08:21,FALSE,https://t.co/cT46pkkCBO
271,https://twitter.com/CodeClanScot/status/1128249262876319744,CodeClan,Edinburgh & Glasgow & Inverness,Change your career through our immersive full time courses or up-skill through our range of short courses. Join our team and hire job-ready talent!,https://t.co/cT46pkkCBO,FALSE,5835,2632,119,6103,4443,13/05/15 08:21,FALSE,https://t.co/cT46pkkCBO
270,https://twitter.com/CodeClanScot/status/1128231032136830976,CodeClan,Edinburgh & Glasgow & Inverness,Change your career through our immersive full time courses or up-skill through our range of short courses. Join our team and hire job-ready talent!,https://t.co/cT46pkkCBO,FALSE,5835,2632,119,6103,4443,13/05/15 08:21,FALSE,https://t.co/cT46pkkCBO
269,https://twitter.com/CodeClanScot/status/1128213648005050368,CodeClan,Edinburgh & Glasgow & Inverness,Change your career through our immersive full time courses or up-skill through our range of short courses. Join our team and hire job-ready talent!,https://t.co/cT46pkkCBO,FALSE,5835,2632,119,6103,4443,13/05/15 08:21,FALSE,https://t.co/cT46pkkCBO
268,https://twitter.com/CodeClanScot/status/1127903113531285504,CodeClan,Edinburgh & Glasgow & Inverness,Change your career through our immersive full time courses or up-skill through our range of short courses. Join our team and hire job-ready talent!,https://t.co/cT46pkkCBO,FALSE,5835,2632,119,6103,4443,13/05/15 08:21,FALSE,https://t.co/cT46pkkCBO
267,https://twitter.com/CodeClanScot/status/1127851192418230275,CodeClan,Edinburgh & Glasgow & Inverness,Change your career through our immersive full time courses or up-skill through our range of short courses. Join our team and hire job-ready talent!,https://t.co/cT46pkkCBO,FALSE,5835,2632,119,6103,4443,13/05/15 08:21,FALSE,https://t.co/cT46pkkCBO
266,https://twitter.com/CodeClanScot/status/1126824585750556672,CodeClan,Edinburgh & Glasgow & Inverness,Change your career through our immersive full time courses or up-skill through our range of short courses. Join our team and hire job-ready talent!,https://t.co/cT46pkkCBO,FALSE,5835,2632,119,6103,4443,13/05/15 08:21,FALSE,https://t.co/cT46pkkCBO
265,https://twitter.com/CodeClanScot/status/1126796949968031744,CodeClan,Edinburgh & Glasgow & Inverness,Change your career through our immersive full time courses or up-skill through our range of short courses. Join our team and hire job-ready talent!,https://t.co/cT46pkkCBO,FALSE,5835,2632,119,6103,4443,13/05/15 08:21,FALSE,https://t.co/cT46pkkCBO
264,https://twitter.com/CodeClanScot/status/1126769576484556802,CodeClan,Edinburgh & Glasgow & Inverness,Change your career through our immersive full time courses or up-skill through our range of short courses. Join our team and hire job-ready talent!,https://t.co/cT46pkkCBO,FALSE,5835,2632,119,6103,4443,13/05/15 08:21,FALSE,https://t.co/cT46pkkCBO
263,https://twitter.com/CodeClanScot/status/1126583379531636736,CodeClan,Edinburgh & Glasgow & Inverness,Change your career through our immersive full time courses or up-skill through our range of short courses. Join our team and hire job-ready talent!,https://t.co/cT46pkkCBO,FALSE,5835,2632,119,6103,4443,13/05/15 08:21,FALSE,https://t.co/cT46pkkCBO
262,https://twitter.com/CodeClanScot/status/1126582093079883776,CodeClan,Edinburgh & Glasgow & Inverness,Change your career through our immersive full time courses or up-skill through our range of short courses. Join our team and hire job-ready talent!,https://t.co/cT46pkkCBO,FALSE,5835,2632,119,6103,4443,13/05/15 08:21,FALSE,https://t.co/cT46pkkCBO
261,https://twitter.com/CodeClanScot/status/1126580814559551488,CodeClan,Edinburgh & Glasgow & Inverness,Change your career through our immersive full time courses or up-skill through our range of short courses. Join our team and hire job-ready talent!,https://t.co/cT46pkkCBO,FALSE,5835,2632,119,6103,4443,13/05/15 08:21,FALSE,https://t.co/cT46pkkCBO
260,https://twitter.com/CodeClanScot/status/1126569043773751297,CodeClan,Edinburgh & Glasgow & Inverness,Change your career through our immersive full time courses or up-skill through our range of short courses. Join our team and hire job-ready talent!,https://t.co/cT46pkkCBO,FALSE,5835,2632,119,6103,4443,13/05/15 08:21,FALSE,https://t.co/cT46pkkCBO
259,https://twitter.com/CodeClanScot/status/1126547971858944000,CodeClan,Edinburgh & Glasgow & Inverness,Change your career through our immersive full time courses or up-skill through our range of short courses. Join our team and hire job-ready talent!,https://t.co/cT46pkkCBO,FALSE,5835,2632,119,6103,4443,13/05/15 08:21,FALSE,https://t.co/cT46pkkCBO
258,https://twitter.com/CodeClanScot/status/1126547930528219137,CodeClan,Edinburgh & Glasgow & Inverness,Change your career through our immersive full time courses or up-skill through our range of short courses. Join our team and hire job-ready talent!,https://t.co/cT46pkkCBO,FALSE,5835,2632,119,6103,4443,13/05/15 08:21,FALSE,https://t.co/cT46pkkCBO
257,https://twitter.com/CodeClanScot/status/1126514782171910144,CodeClan,Edinburgh & Glasgow & Inverness,Change your career through our immersive full time courses or up-skill through our range of short courses. Join our team and hire job-ready talent!,https://t.co/cT46pkkCBO,FALSE,5835,2632,119,6103,4443,13/05/15 08:21,FALSE,https://t.co/cT46pkkCBO
256,https://twitter.com/CodeClanScot/status/1126505119850192903,CodeClan,Edinburgh & Glasgow & Inverness,Change your career through our immersive full time courses or up-skill through our range of short courses. Join our team and hire job-ready talent!,https://t.co/cT46pkkCBO,FALSE,5835,2632,119,6103,4443,13/05/15 08:21,FALSE,https://t.co/cT46pkkCBO
255,https://twitter.com/CodeClanScot/status/1126453933096996864,CodeClan,Edinburgh & Glasgow & Inverness,Change your career through our immersive full time courses or up-skill through our range of short courses. Join our team and hire job-ready talent!,https://t.co/cT46pkkCBO,FALSE,5835,2632,119,6103,4443,13/05/15 08:21,FALSE,https://t.co/cT46pkkCBO
254,https://twitter.com/CodeClanScot/status/1126452802555994118,CodeClan,Edinburgh & Glasgow & Inverness,Change your career through our immersive full time courses or up-skill through our range of short courses. Join our team and hire job-ready talent!,https://t.co/cT46pkkCBO,FALSE,5835,2632,119,6103,4443,13/05/15 08:21,FALSE,https://t.co/cT46pkkCBO
253,https://twitter.com/CodeClanScot/status/1126400480354156544,CodeClan,Edinburgh & Glasgow & Inverness,Change your career through our immersive full time courses or up-skill through our range of short courses. Join our team and hire job-ready talent!,https://t.co/cT46pkkCBO,FALSE,5835,2632,119,6103,4443,13/05/15 08:21,FALSE,https://t.co/cT46pkkCBO
252,https://twitter.com/CodeClanScot/status/1126396578552524800,CodeClan,Edinburgh & Glasgow & Inverness,Change your career through our immersive full time courses or up-skill through our range of short courses. Join our team and hire job-ready talent!,https://t.co/cT46pkkCBO,FALSE,5835,2632,119,6103,4443,13/05/15 08:21,FALSE,https://t.co/cT46pkkCBO
251,https://twitter.com/CodeClanScot/status/1126077111377321984,CodeClan,Edinburgh & Glasgow & Inverness,Change your career through our immersive full time courses or up-skill through our range of short courses. Join our team and hire job-ready talent!,https://t.co/cT46pkkCBO,FALSE,5835,2632,119,6103,4443,13/05/15 08:21,FALSE,https://t.co/cT46pkkCBO
250,https://twitter.com/CodeClanScot/status/1126056662207430656,CodeClan,Edinburgh & Glasgow & Inverness,Change your career through our immersive full time courses or up-skill through our range of short courses. Join our team and hire job-ready talent!,https://t.co/cT46pkkCBO,FALSE,5835,2632,119,6103,4443,13/05/15 08:21,FALSE,https://t.co/cT46pkkCBO
249,https://twitter.com/CodeClanScot/status/1126036483209617410,CodeClan,Edinburgh & Glasgow & Inverness,Change your career through our immersive full time courses or up-skill through our range of short courses. Join our team and hire job-ready talent!,https://t.co/cT46pkkCBO,FALSE,5835,2632,119,6103,4443,13/05/15 08:21,FALSE,https://t.co/cT46pkkCBO
248,https://twitter.com/CodeClanScot/status/1125776416916819973,CodeClan,Edinburgh & Glasgow & Inverness,Change your career through our immersive full time courses or up-skill through our range of short courses. Join our team and hire job-ready talent!,https://t.co/cT46pkkCBO,FALSE,5835,2632,119,6103,4443,13/05/15 08:21,FALSE,https://t.co/cT46pkkCBO
247,https://twitter.com/CodeClanScot/status/1125774357324861440,CodeClan,Edinburgh & Glasgow & Inverness,Change your career through our immersive full time courses or up-skill through our range of short courses. Join our team and hire job-ready talent!,https://t.co/cT46pkkCBO,FALSE,5835,2632,119,6103,4443,13/05/15 08:21,FALSE,https://t.co/cT46pkkCBO
246,https://twitter.com/CodeClanScot/status/1125769865267163138,CodeClan,Edinburgh & Glasgow & Inverness,Change your career through our immersive full time courses or up-skill through our range of short courses. Join our team and hire job-ready talent!,https://t.co/cT46pkkCBO,FALSE,5835,2632,119,6103,4443,13/05/15 08:21,FALSE,https://t.co/cT46pkkCBO
245,https://twitter.com/CodeClanScot/status/1125685239098028032,CodeClan,Edinburgh & Glasgow & Inverness,Change your career through our immersive full time courses or up-skill through our range of short courses. Join our team and hire job-ready talent!,https://t.co/cT46pkkCBO,FALSE,5835,2632,119,6103,4443,13/05/15 08:21,FALSE,https://t.co/cT46pkkCBO
244,https://twitter.com/CodeClanScot/status/1125680304369340416,CodeClan,Edinburgh & Glasgow & Inverness,Change your career through our immersive full time courses or up-skill through our range of short courses. Join our team and hire job-ready talent!,https://t.co/cT46pkkCBO,FALSE,5835,2632,119,6103,4443,13/05/15 08:21,FALSE,https://t.co/cT46pkkCBO
243,https://twitter.com/CodeClanScot/status/1125371431825674240,CodeClan,Edinburgh & Glasgow & Inverness,Change your career through our immersive full time courses or up-skill through our range of short courses. Join our team and hire job-ready talent!,https://t.co/cT46pkkCBO,FALSE,5835,2632,119,6103,4443,13/05/15 08:21,FALSE,https://t.co/cT46pkkCBO
242,https://twitter.com/CodeClanScot/status/1125371347511779329,CodeClan,Edinburgh & Glasgow & Inverness,Change your career through our immersive full time courses or up-skill through our range of short courses. Join our team and hire job-ready talent!,https://t.co/cT46pkkCBO,FALSE,5835,2632,119,6103,4443,13/05/15 08:21,FALSE,https://t.co/cT46pkkCBO
241,https://twitter.com/CodeClanScot/status/1125367810178387968,CodeClan,Edinburgh & Glasgow & Inverness,Change your career through our immersive full time courses or up-skill through our range of short courses. Join our team and hire job-ready talent!,https://t.co/cT46pkkCBO,FALSE,5835,2632,119,6103,4443,13/05/15 08:21,FALSE,https://t.co/cT46pkkCBO
240,https://twitter.com/CodeClanScot/status/1125333579293167616,CodeClan,Edinburgh & Glasgow & Inverness,Change your career through our immersive full time courses or up-skill through our range of short courses. Join our team and hire job-ready talent!,https://t.co/cT46pkkCBO,FALSE,5835,2632,119,6103,4443,13/05/15 08:21,FALSE,https://t.co/cT46pkkCBO
239,https://twitter.com/CodeClanScot/status/1124290870432415745,CodeClan,Edinburgh & Glasgow & Inverness,Change your career through our immersive full time courses or up-skill through our range of short courses. Join our team and hire job-ready talent!,https://t.co/cT46pkkCBO,FALSE,5835,2632,119,6103,4443,13/05/15 08:21,FALSE,https://t.co/cT46pkkCBO
238,https://twitter.com/CodeClanScot/status/1124290134642446337,CodeClan,Edinburgh & Glasgow & Inverness,Change your career through our immersive full time courses or up-skill through our range of short courses. Join our team and hire job-ready talent!,https://t.co/cT46pkkCBO,FALSE,5835,2632,119,6103,4443,13/05/15 08:21,FALSE,https://t.co/cT46pkkCBO
237,https://twitter.com/CodeClanScot/status/1124261876605517826,CodeClan,Edinburgh & Glasgow & Inverness,Change your career through our immersive full time courses or up-skill through our range of short courses. Join our team and hire job-ready talent!,https://t.co/cT46pkkCBO,FALSE,5835,2632,119,6103,4443,13/05/15 08:21,FALSE,https://t.co/cT46pkkCBO
236,https://twitter.com/CodeClanScot/status/1124251376807219200,CodeClan,Edinburgh & Glasgow & Inverness,Change your career through our immersive full time courses or up-skill through our range of short courses. Join our team and hire job-ready talent!,https://t.co/cT46pkkCBO,FALSE,5835,2632,119,6103,4443,13/05/15 08:21,FALSE,https://t.co/cT46pkkCBO
235,https://twitter.com/CodeClanScot/status/1124225855268556800,CodeClan,Edinburgh & Glasgow & Inverness,Change your career through our immersive full time courses or up-skill through our range of short courses. Join our team and hire job-ready talent!,https://t.co/cT46pkkCBO,FALSE,5835,2632,119,6103,4443,13/05/15 08:21,FALSE,https://t.co/cT46pkkCBO
234,https://twitter.com/CodeClanScot/status/1123976308738883590,CodeClan,Edinburgh & Glasgow & Inverness,Change your career through our immersive full time courses or up-skill through our range of short courses. Join our team and hire job-ready talent!,https://t.co/cT46pkkCBO,FALSE,5835,2632,119,6103,4443,13/05/15 08:21,FALSE,https://t.co/cT46pkkCBO
233,https://twitter.com/CodeClanScot/status/1123975811483275266,CodeClan,Edinburgh & Glasgow & Inverness,Change your career through our immersive full time courses or up-skill through our range of short courses. Join our team and hire job-ready talent!,https://t.co/cT46pkkCBO,FALSE,5835,2632,119,6103,4443,13/05/15 08:21,FALSE,https://t.co/cT46pkkCBO
232,https://twitter.com/CodeClanScot/status/1123614342715461633,CodeClan,Edinburgh & Glasgow & Inverness,Change your career through our immersive full time courses or up-skill through our range of short courses. Join our team and hire job-ready talent!,https://t.co/cT46pkkCBO,FALSE,5835,2632,119,6103,4443,13/05/15 08:21,FALSE,https://t.co/cT46pkkCBO
231,https://twitter.com/CodeClanScot/status/1123612728529248256,CodeClan,Edinburgh & Glasgow & Inverness,Change your career through our immersive full time courses or up-skill through our range of short courses. Join our team and hire job-ready talent!,https://t.co/cT46pkkCBO,FALSE,5835,2632,119,6103,4443,13/05/15 08:21,FALSE,https://t.co/cT46pkkCBO
230,https://twitter.com/CodeClanScot/status/1123512104986849281,CodeClan,Edinburgh & Glasgow & Inverness,Change your career through our immersive full time courses or up-skill through our range of short courses. Join our team and hire job-ready talent!,https://t.co/cT46pkkCBO,FALSE,5835,2632,119,6103,4443,13/05/15 08:21,FALSE,https://t.co/cT46pkkCBO
229,https://twitter.com/CodeClanScot/status/1123231727244148736,CodeClan,Edinburgh & Glasgow & Inverness,Change your career through our immersive full time courses or up-skill through our range of short courses. Join our team and hire job-ready talent!,https://t.co/cT46pkkCBO,FALSE,5835,2632,119,6103,4443,13/05/15 08:21,FALSE,https://t.co/cT46pkkCBO
228,https://twitter.com/CodeClanScot/status/1123175108116455424,CodeClan,Edinburgh & Glasgow & Inverness,Change your career through our immersive full time courses or up-skill through our range of short courses. Join our team and hire job-ready talent!,https://t.co/cT46pkkCBO,FALSE,5835,2632,119,6103,4443,13/05/15 08:21,FALSE,https://t.co/cT46pkkCBO
227,https://twitter.com/CodeClanScot/status/1123168895634898944,CodeClan,Edinburgh & Glasgow & Inverness,Change your career through our immersive full time courses or up-skill through our range of short courses. Join our team and hire job-ready talent!,https://t.co/cT46pkkCBO,FALSE,5835,2632,119,6103,4443,13/05/15 08:21,FALSE,https://t.co/cT46pkkCBO
226,https://twitter.com/CodeClanScot/status/1123155367591075841,CodeClan,Edinburgh & Glasgow & Inverness,Change your career through our immersive full time courses or up-skill through our range of short courses. Join our team and hire job-ready talent!,https://t.co/cT46pkkCBO,FALSE,5835,2632,119,6103,4443,13/05/15 08:21,FALSE,https://t.co/cT46pkkCBO
225,https://twitter.com/CodeClanScot/status/1122892379072208896,CodeClan,Edinburgh & Glasgow & Inverness,Change your career through our immersive full time courses or up-skill through our range of short courses. Join our team and hire job-ready talent!,https://t.co/cT46pkkCBO,FALSE,5835,2632,119,6103,4443,13/05/15 08:21,FALSE,https://t.co/cT46pkkCBO
224,https://twitter.com/CodeClanScot/status/1122778859508727809,CodeClan,Edinburgh & Glasgow & Inverness,Change your career through our immersive full time courses or up-skill through our range of short courses. Join our team and hire job-ready talent!,https://t.co/cT46pkkCBO,FALSE,5835,2632,119,6103,4443,13/05/15 08:21,FALSE,https://t.co/cT46pkkCBO
223,https://twitter.com/CodeClanScot/status/1122778610144882688,CodeClan,Edinburgh & Glasgow & Inverness,Change your career through our immersive full time courses or up-skill through our range of short courses. Join our team and hire job-ready talent!,https://t.co/cT46pkkCBO,FALSE,5835,2632,119,6103,4443,13/05/15 08:21,FALSE,https://t.co/cT46pkkCBO
222,https://twitter.com/CodeClanScot/status/1122778598853763073,CodeClan,Edinburgh & Glasgow & Inverness,Change your career through our immersive full time courses or up-skill through our range of short courses. Join our team and hire job-ready talent!,https://t.co/cT46pkkCBO,FALSE,5835,2632,119,6103,4443,13/05/15 08:21,FALSE,https://t.co/cT46pkkCBO
221,https://twitter.com/CodeClanScot/status/1121799690696052738,CodeClan,Edinburgh & Glasgow & Inverness,Change your career through our immersive full time courses or up-skill through our range of short courses. Join our team and hire job-ready talent!,https://t.co/cT46pkkCBO,FALSE,5835,2632,119,6103,4443,13/05/15 08:21,FALSE,https://t.co/cT46pkkCBO
220,https://twitter.com/CodeClanScot/status/1121792831310352384,CodeClan,Edinburgh & Glasgow & Inverness,Change your career through our immersive full time courses or up-skill through our range of short courses. Join our team and hire job-ready talent!,https://t.co/cT46pkkCBO,FALSE,5835,2632,119,6103,4443,13/05/15 08:21,FALSE,https://t.co/cT46pkkCBO
219,https://twitter.com/CodeClanScot/status/1121792656684638208,CodeClan,Edinburgh & Glasgow & Inverness,Change your career through our immersive full time courses or up-skill through our range of short courses. Join our team and hire job-ready talent!,https://t.co/cT46pkkCBO,FALSE,5835,2632,119,6103,4443,13/05/15 08:21,FALSE,https://t.co/cT46pkkCBO
218,https://twitter.com/CodeClanScot/status/1121792539919392768,CodeClan,Edinburgh & Glasgow & Inverness,Change your career through our immersive full time courses or up-skill through our range of short courses. Join our team and hire job-ready talent!,https://t.co/cT46pkkCBO,FALSE,5835,2632,119,6103,4443,13/05/15 08:21,FALSE,https://t.co/cT46pkkCBO
217,https://twitter.com/CodeClanScot/status/1121737097541562368,CodeClan,Edinburgh & Glasgow & Inverness,Change your career through our immersive full time courses or up-skill through our range of short courses. Join our team and hire job-ready talent!,https://t.co/cT46pkkCBO,FALSE,5835,2632,119,6103,4443,13/05/15 08:21,FALSE,https://t.co/cT46pkkCBO
216,https://twitter.com/CodeClanScot/status/1121728954807783425,CodeClan,Edinburgh & Glasgow & Inverness,Change your career through our immersive full time courses or up-skill through our range of short courses. Join our team and hire job-ready talent!,https://t.co/cT46pkkCBO,FALSE,5835,2632,119,6103,4443,13/05/15 08:21,FALSE,https://t.co/cT46pkkCBO
215,https://twitter.com/CodeClanScot/status/1121726029574418432,CodeClan,Edinburgh & Glasgow & Inverness,Change your career through our immersive full time courses or up-skill through our range of short courses. Join our team and hire job-ready talent!,https://t.co/cT46pkkCBO,FALSE,5835,2632,119,6103,4443,13/05/15 08:21,FALSE,https://t.co/cT46pkkCBO
214,https://twitter.com/CodeClanScot/status/1121725932430135297,CodeClan,Edinburgh & Glasgow & Inverness,Change your career through our immersive full time courses or up-skill through our range of short courses. Join our team and hire job-ready talent!,https://t.co/cT46pkkCBO,FALSE,5835,2632,119,6103,4443,13/05/15 08:21,FALSE,https://t.co/cT46pkkCBO
213,https://twitter.com/CodeClanScot/status/1121443185392345088,CodeClan,Edinburgh & Glasgow & Inverness,Change your career through our immersive full time courses or up-skill through our range of short courses. Join our team and hire job-ready talent!,https://t.co/cT46pkkCBO,FALSE,5835,2632,119,6103,4443,13/05/15 08:21,FALSE,https://t.co/cT46pkkCBO
212,https://twitter.com/CodeClanScot/status/1121439822223163392,CodeClan,Edinburgh & Glasgow & Inverness,Change your career through our immersive full time courses or up-skill through our range of short courses. Join our team and hire job-ready talent!,https://t.co/cT46pkkCBO,FALSE,5835,2632,119,6103,4443,13/05/15 08:21,FALSE,https://t.co/cT46pkkCBO
211,https://twitter.com/CodeClanScot/status/1121400633930731521,CodeClan,Edinburgh & Glasgow & Inverness,Change your career through our immersive full time courses or up-skill through our range of short courses. Join our team and hire job-ready talent!,https://t.co/cT46pkkCBO,FALSE,5835,2632,119,6103,4443,13/05/15 08:21,FALSE,https://t.co/cT46pkkCBO
210,https://twitter.com/CodeClanScot/status/1121393860817620994,CodeClan,Edinburgh & Glasgow & Inverness,Change your career through our immersive full time courses or up-skill through our range of short courses. Join our team and hire job-ready talent!,https://t.co/cT46pkkCBO,FALSE,5835,2632,119,6103,4443,13/05/15 08:21,FALSE,https://t.co/cT46pkkCBO
209,https://twitter.com/CodeClanScot/status/1121368515678699521,CodeClan,Edinburgh & Glasgow & Inverness,Change your career through our immersive full time courses or up-skill through our range of short courses. Join our team and hire job-ready talent!,https://t.co/cT46pkkCBO,FALSE,5835,2632,119,6103,4443,13/05/15 08:21,FALSE,https://t.co/cT46pkkCBO
208,https://twitter.com/CodeClanScot/status/1121324838432456704,CodeClan,Edinburgh & Glasgow & Inverness,Change your career through our immersive full time courses or up-skill through our range of short courses. Join our team and hire job-ready talent!,https://t.co/cT46pkkCBO,FALSE,5835,2632,119,6103,4443,13/05/15 08:21,FALSE,https://t.co/cT46pkkCBO
207,https://twitter.com/CodeClanScot/status/1121323140993437697,CodeClan,Edinburgh & Glasgow & Inverness,Change your career through our immersive full time courses or up-skill through our range of short courses. Join our team and hire job-ready talent!,https://t.co/cT46pkkCBO,FALSE,5835,2632,119,6103,4443,13/05/15 08:21,FALSE,https://t.co/cT46pkkCBO
206,https://twitter.com/CodeClanScot/status/1121161629251637248,CodeClan,Edinburgh & Glasgow & Inverness,Change your career through our immersive full time courses or up-skill through our range of short courses. Join our team and hire job-ready talent!,https://t.co/cT46pkkCBO,FALSE,5835,2632,119,6103,4443,13/05/15 08:21,FALSE,https://t.co/cT46pkkCBO
205,https://twitter.com/CodeClanScot/status/1121161542521827330,CodeClan,Edinburgh & Glasgow & Inverness,Change your career through our immersive full time courses or up-skill through our range of short courses. Join our team and hire job-ready talent!,https://t.co/cT46pkkCBO,FALSE,5835,2632,119,6103,4443,13/05/15 08:21,FALSE,https://t.co/cT46pkkCBO
204,https://twitter.com/CodeClanScot/status/1121096949246124033,CodeClan,Edinburgh & Glasgow & Inverness,Change your career through our immersive full time courses or up-skill through our range of short courses. Join our team and hire job-ready talent!,https://t.co/cT46pkkCBO,FALSE,5835,2632,119,6103,4443,13/05/15 08:21,FALSE,https://t.co/cT46pkkCBO
203,https://twitter.com/CodeClanScot/status/1121086799575691264,CodeClan,Edinburgh & Glasgow & Inverness,Change your career through our immersive full time courses or up-skill through our range of short courses. Join our team and hire job-ready talent!,https://t.co/cT46pkkCBO,FALSE,5835,2632,119,6103,4443,13/05/15 08:21,FALSE,https://t.co/cT46pkkCBO
202,https://twitter.com/CodeClanScot/status/1121086221734879232,CodeClan,Edinburgh & Glasgow & Inverness,Change your career through our immersive full time courses or up-skill through our range of short courses. Join our team and hire job-ready talent!,https://t.co/cT46pkkCBO,FALSE,5835,2632,119,6103,4443,13/05/15 08:21,FALSE,https://t.co/cT46pkkCBO
201,https://twitter.com/CodeClanScot/status/1121079177170628615,CodeClan,Edinburgh & Glasgow & Inverness,Change your career through our immersive full time courses or up-skill through our range of short courses. Join our team and hire job-ready talent!,https://t.co/cT46pkkCBO,FALSE,5835,2632,119,6103,4443,13/05/15 08:21,FALSE,https://t.co/cT46pkkCBO
200,https://twitter.com/CodeClanScot/status/1121075889322758145,CodeClan,Edinburgh & Glasgow & Inverness,Change your career through our immersive full time courses or up-skill through our range of short courses. Join our team and hire job-ready talent!,https://t.co/cT46pkkCBO,FALSE,5835,2632,119,6103,4443,13/05/15 08:21,FALSE,https://t.co/cT46pkkCBO
199,https://twitter.com/CodeClanScot/status/1121071745463721984,CodeClan,Edinburgh & Glasgow & Inverness,Change your career through our immersive full time courses or up-skill through our range of short courses. Join our team and hire job-ready talent!,https://t.co/cT46pkkCBO,FALSE,5835,2632,119,6103,4443,13/05/15 08:21,FALSE,https://t.co/cT46pkkCBO
198,https://twitter.com/CodeClanScot/status/1121070927645749248,CodeClan,Edinburgh & Glasgow & Inverness,Change your career through our immersive full time courses or up-skill through our range of short courses. Join our team and hire job-ready talent!,https://t.co/cT46pkkCBO,FALSE,5835,2632,119,6103,4443,13/05/15 08:21,FALSE,https://t.co/cT46pkkCBO
197,https://twitter.com/CodeClanScot/status/1121070911111610368,CodeClan,Edinburgh & Glasgow & Inverness,Change your career through our immersive full time courses or up-skill through our range of short courses. Join our team and hire job-ready talent!,https://t.co/cT46pkkCBO,FALSE,5835,2632,119,6103,4443,13/05/15 08:21,FALSE,https://t.co/cT46pkkCBO
196,https://twitter.com/CodeClanScot/status/1121070879981678592,CodeClan,Edinburgh & Glasgow & Inverness,Change your career through our immersive full time courses or up-skill through our range of short courses. Join our team and hire job-ready talent!,https://t.co/cT46pkkCBO,FALSE,5835,2632,119,6103,4443,13/05/15 08:21,FALSE,https://t.co/cT46pkkCBO
195,https://twitter.com/CodeClanScot/status/1121069045628002305,CodeClan,Edinburgh & Glasgow & Inverness,Change your career through our immersive full time courses or up-skill through our range of short courses. Join our team and hire job-ready talent!,https://t.co/cT46pkkCBO,FALSE,5835,2632,119,6103,4443,13/05/15 08:21,FALSE,https://t.co/cT46pkkCBO
194,https://twitter.com/CodeClanScot/status/1121069013281464323,CodeClan,Edinburgh & Glasgow & Inverness,Change your career through our immersive full time courses or up-skill through our range of short courses. Join our team and hire job-ready talent!,https://t.co/cT46pkkCBO,FALSE,5835,2632,119,6103,4443,13/05/15 08:21,FALSE,https://t.co/cT46pkkCBO
193,https://twitter.com/CodeClanScot/status/1121048249631215616,CodeClan,Edinburgh & Glasgow & Inverness,Change your career through our immersive full time courses or up-skill through our range of short courses. Join our team and hire job-ready talent!,https://t.co/cT46pkkCBO,FALSE,5835,2632,119,6103,4443,13/05/15 08:21,FALSE,https://t.co/cT46pkkCBO
192,https://twitter.com/CodeClanScot/status/1121047915873615872,CodeClan,Edinburgh & Glasgow & Inverness,Change your career through our immersive full time courses or up-skill through our range of short courses. Join our team and hire job-ready talent!,https://t.co/cT46pkkCBO,FALSE,5835,2632,119,6103,4443,13/05/15 08:21,FALSE,https://t.co/cT46pkkCBO
191,https://twitter.com/CodeClanScot/status/1121046700263641088,CodeClan,Edinburgh & Glasgow & Inverness,Change your career through our immersive full time courses or up-skill through our range of short courses. Join our team and hire job-ready talent!,https://t.co/cT46pkkCBO,FALSE,5835,2632,119,6103,4443,13/05/15 08:21,FALSE,https://t.co/cT46pkkCBO
190,https://twitter.com/CodeClanScot/status/1121045367972409344,CodeClan,Edinburgh & Glasgow & Inverness,Change your career through our immersive full time courses or up-skill through our range of short courses. Join our team and hire job-ready talent!,https://t.co/cT46pkkCBO,FALSE,5835,2632,119,6103,4443,13/05/15 08:21,FALSE,https://t.co/cT46pkkCBO
189,https://twitter.com/CodeClanScot/status/1121044402628120578,CodeClan,Edinburgh & Glasgow & Inverness,Change your career through our immersive full time courses or up-skill through our range of short courses. Join our team and hire job-ready talent!,https://t.co/cT46pkkCBO,FALSE,5835,2632,119,6103,4443,13/05/15 08:21,FALSE,https://t.co/cT46pkkCBO
188,https://twitter.com/CodeClanScot/status/1121042609751953413,CodeClan,Edinburgh & Glasgow & Inverness,Change your career through our immersive full time courses or up-skill through our range of short courses. Join our team and hire job-ready talent!,https://t.co/cT46pkkCBO,FALSE,5835,2632,119,6103,4443,13/05/15 08:21,FALSE,https://t.co/cT46pkkCBO
187,https://twitter.com/CodeClanScot/status/1121041662862659587,CodeClan,Edinburgh & Glasgow & Inverness,Change your career through our immersive full time courses or up-skill through our range of short courses. Join our team and hire job-ready talent!,https://t.co/cT46pkkCBO,FALSE,5835,2632,119,6103,4443,13/05/15 08:21,FALSE,https://t.co/cT46pkkCBO
186,https://twitter.com/CodeClanScot/status/1121040632502419460,CodeClan,Edinburgh & Glasgow & Inverness,Change your career through our immersive full time courses or up-skill through our range of short courses. Join our team and hire job-ready talent!,https://t.co/cT46pkkCBO,FALSE,5835,2632,119,6103,4443,13/05/15 08:21,FALSE,https://t.co/cT46pkkCBO
185,https://twitter.com/CodeClanScot/status/1121038966227075072,CodeClan,Edinburgh & Glasgow & Inverness,Change your career through our immersive full time courses or up-skill through our range of short courses. Join our team and hire job-ready talent!,https://t.co/cT46pkkCBO,FALSE,5835,2632,119,6103,4443,13/05/15 08:21,FALSE,https://t.co/cT46pkkCBO
184,https://twitter.com/CodeClanScot/status/1121038875089080320,CodeClan,Edinburgh & Glasgow & Inverness,Change your career through our immersive full time courses or up-skill through our range of short courses. Join our team and hire job-ready talent!,https://t.co/cT46pkkCBO,FALSE,5835,2632,119,6103,4443,13/05/15 08:21,FALSE,https://t.co/cT46pkkCBO
183,https://twitter.com/CodeClanScot/status/1121008864214822912,CodeClan,Edinburgh & Glasgow & Inverness,Change your career through our immersive full time courses or up-skill through our range of short courses. Join our team and hire job-ready talent!,https://t.co/cT46pkkCBO,FALSE,5835,2632,119,6103,4443,13/05/15 08:21,FALSE,https://t.co/cT46pkkCBO
182,https://twitter.com/CodeClanScot/status/1121008547930750976,CodeClan,Edinburgh & Glasgow & Inverness,Change your career through our immersive full time courses or up-skill through our range of short courses. Join our team and hire job-ready talent!,https://t.co/cT46pkkCBO,FALSE,5835,2632,119,6103,4443,13/05/15 08:21,FALSE,https://t.co/cT46pkkCBO
181,https://twitter.com/CodeClanScot/status/1121008541005959168,CodeClan,Edinburgh & Glasgow & Inverness,Change your career through our immersive full time courses or up-skill through our range of short courses. Join our team and hire job-ready talent!,https://t.co/cT46pkkCBO,FALSE,5835,2632,119,6103,4443,13/05/15 08:21,FALSE,https://t.co/cT46pkkCBO
180,https://twitter.com/CodeClanScot/status/1121007450709217280,CodeClan,Edinburgh & Glasgow & Inverness,Change your career through our immersive full time courses or up-skill through our range of short courses. Join our team and hire job-ready talent!,https://t.co/cT46pkkCBO,FALSE,5835,2632,119,6103,4443,13/05/15 08:21,FALSE,https://t.co/cT46pkkCBO
179,https://twitter.com/CodeClanScot/status/1121005462135148544,CodeClan,Edinburgh & Glasgow & Inverness,Change your career through our immersive full time courses or up-skill through our range of short courses. Join our team and hire job-ready talent!,https://t.co/cT46pkkCBO,FALSE,5835,2632,119,6103,4443,13/05/15 08:21,FALSE,https://t.co/cT46pkkCBO
178,https://twitter.com/CodeClanScot/status/1121004606463578112,CodeClan,Edinburgh & Glasgow & Inverness,Change your career through our immersive full time courses or up-skill through our range of short courses. Join our team and hire job-ready talent!,https://t.co/cT46pkkCBO,FALSE,5835,2632,119,6103,4443,13/05/15 08:21,FALSE,https://t.co/cT46pkkCBO
177,https://twitter.com/CodeClanScot/status/1121002610390110208,CodeClan,Edinburgh & Glasgow & Inverness,Change your career through our immersive full time courses or up-skill through our range of short courses. Join our team and hire job-ready talent!,https://t.co/cT46pkkCBO,FALSE,5835,2632,119,6103,4443,13/05/15 08:21,FALSE,https://t.co/cT46pkkCBO
176,https://twitter.com/CodeClanScot/status/1121002514017587201,CodeClan,Edinburgh & Glasgow & Inverness,Change your career through our immersive full time courses or up-skill through our range of short courses. Join our team and hire job-ready talent!,https://t.co/cT46pkkCBO,FALSE,5835,2632,119,6103,4443,13/05/15 08:21,FALSE,https://t.co/cT46pkkCBO
175,https://twitter.com/CodeClanScot/status/1121000024941502465,CodeClan,Edinburgh & Glasgow & Inverness,Change your career through our immersive full time courses or up-skill through our range of short courses. Join our team and hire job-ready talent!,https://t.co/cT46pkkCBO,FALSE,5835,2632,119,6103,4443,13/05/15 08:21,FALSE,https://t.co/cT46pkkCBO
174,https://twitter.com/CodeClanScot/status/1120999885203963904,CodeClan,Edinburgh & Glasgow & Inverness,Change your career through our immersive full time courses or up-skill through our range of short courses. Join our team and hire job-ready talent!,https://t.co/cT46pkkCBO,FALSE,5835,2632,119,6103,4443,13/05/15 08:21,FALSE,https://t.co/cT46pkkCBO
173,https://twitter.com/CodeClanScot/status/1120999069890109440,CodeClan,Edinburgh & Glasgow & Inverness,Change your career through our immersive full time courses or up-skill through our range of short courses. Join our team and hire job-ready talent!,https://t.co/cT46pkkCBO,FALSE,5835,2632,119,6103,4443,13/05/15 08:21,FALSE,https://t.co/cT46pkkCBO
172,https://twitter.com/CodeClanScot/status/1120998055321509888,CodeClan,Edinburgh & Glasgow & Inverness,Change your career through our immersive full time courses or up-skill through our range of short courses. Join our team and hire job-ready talent!,https://t.co/cT46pkkCBO,FALSE,5835,2632,119,6103,4443,13/05/15 08:21,FALSE,https://t.co/cT46pkkCBO
171,https://twitter.com/CodeClanScot/status/1120994673512910848,CodeClan,Edinburgh & Glasgow & Inverness,Change your career through our immersive full time courses or up-skill through our range of short courses. Join our team and hire job-ready talent!,https://t.co/cT46pkkCBO,FALSE,5835,2632,119,6103,4443,13/05/15 08:21,FALSE,https://t.co/cT46pkkCBO
170,https://twitter.com/CodeClanScot/status/1120979961387671552,CodeClan,Edinburgh & Glasgow & Inverness,Change your career through our immersive full time courses or up-skill through our range of short courses. Join our team and hire job-ready talent!,https://t.co/cT46pkkCBO,FALSE,5835,2632,119,6103,4443,13/05/15 08:21,FALSE,https://t.co/cT46pkkCBO
169,https://twitter.com/CodeClanScot/status/1120977983085391872,CodeClan,Edinburgh & Glasgow & Inverness,Change your career through our immersive full time courses or up-skill through our range of short courses. Join our team and hire job-ready talent!,https://t.co/cT46pkkCBO,FALSE,5835,2632,119,6103,4443,13/05/15 08:21,FALSE,https://t.co/cT46pkkCBO
168,https://twitter.com/CodeClanScot/status/1120976782625267712,CodeClan,Edinburgh & Glasgow & Inverness,Change your career through our immersive full time courses or up-skill through our range of short courses. Join our team and hire job-ready talent!,https://t.co/cT46pkkCBO,FALSE,5835,2632,119,6103,4443,13/05/15 08:21,FALSE,https://t.co/cT46pkkCBO
167,https://twitter.com/CodeClanScot/status/1120974862720425984,CodeClan,Edinburgh & Glasgow & Inverness,Change your career through our immersive full time courses or up-skill through our range of short courses. Join our team and hire job-ready talent!,https://t.co/cT46pkkCBO,FALSE,5835,2632,119,6103,4443,13/05/15 08:21,FALSE,https://t.co/cT46pkkCBO
166,https://twitter.com/CodeClanScot/status/1120972732672434177,CodeClan,Edinburgh & Glasgow & Inverness,Change your career through our immersive full time courses or up-skill through our range of short courses. Join our team and hire job-ready talent!,https://t.co/cT46pkkCBO,FALSE,5835,2632,119,6103,4443,13/05/15 08:21,FALSE,https://t.co/cT46pkkCBO
165,https://twitter.com/CodeClanScot/status/1120969633152897025,CodeClan,Edinburgh & Glasgow & Inverness,Change your career through our immersive full time courses or up-skill through our range of short courses. Join our team and hire job-ready talent!,https://t.co/cT46pkkCBO,FALSE,5835,2632,119,6103,4443,13/05/15 08:21,FALSE,https://t.co/cT46pkkCBO
164,https://twitter.com/CodeClanScot/status/1120968251578703877,CodeClan,Edinburgh & Glasgow & Inverness,Change your career through our immersive full time courses or up-skill through our range of short courses. Join our team and hire job-ready talent!,https://t.co/cT46pkkCBO,FALSE,5835,2632,119,6103,4443,13/05/15 08:21,FALSE,https://t.co/cT46pkkCBO
163,https://twitter.com/CodeClanScot/status/1120965135600898049,CodeClan,Edinburgh & Glasgow & Inverness,Change your career through our immersive full time courses or up-skill through our range of short courses. Join our team and hire job-ready talent!,https://t.co/cT46pkkCBO,FALSE,5835,2632,119,6103,4443,13/05/15 08:21,FALSE,https://t.co/cT46pkkCBO
162,https://twitter.com/CodeClanScot/status/1120963970024771584,CodeClan,Edinburgh & Glasgow & Inverness,Change your career through our immersive full time courses or up-skill through our range of short courses. Join our team and hire job-ready talent!,https://t.co/cT46pkkCBO,FALSE,5835,2632,119,6103,4443,13/05/15 08:21,FALSE,https://t.co/cT46pkkCBO
161,https://twitter.com/CodeClanScot/status/1120960736375734272,CodeClan,Edinburgh & Glasgow & Inverness,Change your career through our immersive full time courses or up-skill through our range of short courses. Join our team and hire job-ready talent!,https://t.co/cT46pkkCBO,FALSE,5835,2632,119,6103,4443,13/05/15 08:21,FALSE,https://t.co/cT46pkkCBO
160,https://twitter.com/CodeClanScot/status/1120948637100642304,CodeClan,Edinburgh & Glasgow & Inverness,Change your career through our immersive full time courses or up-skill through our range of short courses. Join our team and hire job-ready talent!,https://t.co/cT46pkkCBO,FALSE,5835,2632,119,6103,4443,13/05/15 08:21,FALSE,https://t.co/cT46pkkCBO
159,https://twitter.com/CodeClanScot/status/1120763869637562370,CodeClan,Edinburgh & Glasgow & Inverness,Change your career through our immersive full time courses or up-skill through our range of short courses. Join our team and hire job-ready talent!,https://t.co/cT46pkkCBO,FALSE,5835,2632,119,6103,4443,13/05/15 08:21,FALSE,https://t.co/cT46pkkCBO
158,https://twitter.com/CodeClanScot/status/1120763446889459714,CodeClan,Edinburgh & Glasgow & Inverness,Change your career through our immersive full time courses or up-skill through our range of short courses. Join our team and hire job-ready talent!,https://t.co/cT46pkkCBO,FALSE,5835,2632,119,6103,4443,13/05/15 08:21,FALSE,https://t.co/cT46pkkCBO
157,https://twitter.com/CodeClanScot/status/1120710351253909504,CodeClan,Edinburgh & Glasgow & Inverness,Change your career through our immersive full time courses or up-skill through our range of short courses. Join our team and hire job-ready talent!,https://t.co/cT46pkkCBO,FALSE,5835,2632,119,6103,4443,13/05/15 08:21,FALSE,https://t.co/cT46pkkCBO
156,https://twitter.com/CodeClanScot/status/1120706502388539392,CodeClan,Edinburgh & Glasgow & Inverness,Change your career through our immersive full time courses or up-skill through our range of short courses. Join our team and hire job-ready talent!,https://t.co/cT46pkkCBO,FALSE,5835,2632,119,6103,4443,13/05/15 08:21,FALSE,https://t.co/cT46pkkCBO
155,https://twitter.com/CodeClanScot/status/1120706429411893248,CodeClan,Edinburgh & Glasgow & Inverness,Change your career through our immersive full time courses or up-skill through our range of short courses. Join our team and hire job-ready talent!,https://t.co/cT46pkkCBO,FALSE,5835,2632,119,6103,4443,13/05/15 08:21,FALSE,https://t.co/cT46pkkCBO
154,https://twitter.com/CodeClanScot/status/1120704141561614339,CodeClan,Edinburgh & Glasgow & Inverness,Change your career through our immersive full time courses or up-skill through our range of short courses. Join our team and hire job-ready talent!,https://t.co/cT46pkkCBO,FALSE,5835,2632,119,6103,4443,13/05/15 08:21,FALSE,https://t.co/cT46pkkCBO
153,https://twitter.com/CodeClanScot/status/1120701814209433600,CodeClan,Edinburgh & Glasgow & Inverness,Change your career through our immersive full time courses or up-skill through our range of short courses. Join our team and hire job-ready talent!,https://t.co/cT46pkkCBO,FALSE,5835,2632,119,6103,4443,13/05/15 08:21,FALSE,https://t.co/cT46pkkCBO
152,https://twitter.com/CodeClanScot/status/1120701507555549186,CodeClan,Edinburgh & Glasgow & Inverness,Change your career through our immersive full time courses or up-skill through our range of short courses. Join our team and hire job-ready talent!,https://t.co/cT46pkkCBO,FALSE,5835,2632,119,6103,4443,13/05/15 08:21,FALSE,https://t.co/cT46pkkCBO
151,https://twitter.com/CodeClanScot/status/1120700542303526912,CodeClan,Edinburgh & Glasgow & Inverness,Change your career through our immersive full time courses or up-skill through our range of short courses. Join our team and hire job-ready talent!,https://t.co/cT46pkkCBO,FALSE,5835,2632,119,6103,4443,13/05/15 08:21,FALSE,https://t.co/cT46pkkCBO
150,https://twitter.com/CodeClanScot/status/1120696718478254082,CodeClan,Edinburgh & Glasgow & Inverness,Change your career through our immersive full time courses or up-skill through our range of short courses. Join our team and hire job-ready talent!,https://t.co/cT46pkkCBO,FALSE,5835,2632,119,6103,4443,13/05/15 08:21,FALSE,https://t.co/cT46pkkCBO
149,https://twitter.com/CodeClanScot/status/1120680633414619137,CodeClan,Edinburgh & Glasgow & Inverness,Change your career through our immersive full time courses or up-skill through our range of short courses. Join our team and hire job-ready talent!,https://t.co/cT46pkkCBO,FALSE,5835,2632,119,6103,4443,13/05/15 08:21,FALSE,https://t.co/cT46pkkCBO
148,https://twitter.com/CodeClanScot/status/1120352016469983234,CodeClan,Edinburgh & Glasgow & Inverness,Change your career through our immersive full time courses or up-skill through our range of short courses. Join our team and hire job-ready talent!,https://t.co/cT46pkkCBO,FALSE,5835,2632,119,6103,4443,13/05/15 08:21,FALSE,https://t.co/cT46pkkCBO
147,https://twitter.com/CodeClanScot/status/1120341983527043072,CodeClan,Edinburgh & Glasgow & Inverness,Change your career through our immersive full time courses or up-skill through our range of short courses. Join our team and hire job-ready talent!,https://t.co/cT46pkkCBO,FALSE,5835,2632,119,6103,4443,13/05/15 08:21,FALSE,https://t.co/cT46pkkCBO
146,https://twitter.com/CodeClanScot/status/1120314174683459585,CodeClan,Edinburgh & Glasgow & Inverness,Change your career through our immersive full time courses or up-skill through our range of short courses. Join our team and hire job-ready talent!,https://t.co/cT46pkkCBO,FALSE,5835,2632,119,6103,4443,13/05/15 08:21,FALSE,https://t.co/cT46pkkCBO
145,https://twitter.com/CodeClanScot/status/1120257509166604290,CodeClan,Edinburgh & Glasgow & Inverness,Change your career through our immersive full time courses or up-skill through our range of short courses. Join our team and hire job-ready talent!,https://t.co/cT46pkkCBO,FALSE,5835,2632,119,6103,4443,13/05/15 08:21,FALSE,https://t.co/cT46pkkCBO
144,https://twitter.com/CodeClanScot/status/1120240640921567233,CodeClan,Edinburgh & Glasgow & Inverness,Change your career through our immersive full time courses or up-skill through our range of short courses. Join our team and hire job-ready talent!,https://t.co/cT46pkkCBO,FALSE,5835,2632,119,6103,4443,13/05/15 08:21,FALSE,https://t.co/cT46pkkCBO
143,https://twitter.com/CodeClanScot/status/1119299934413570050,CodeClan,Edinburgh & Glasgow & Inverness,Change your career through our immersive full time courses or up-skill through our range of short courses. Join our team and hire job-ready talent!,https://t.co/cT46pkkCBO,FALSE,5835,2632,119,6103,4443,13/05/15 08:21,FALSE,https://t.co/cT46pkkCBO
142,https://twitter.com/CodeClanScot/status/1119270041390931968,CodeClan,Edinburgh & Glasgow & Inverness,Change your career through our immersive full time courses or up-skill through our range of short courses. Join our team and hire job-ready talent!,https://t.co/cT46pkkCBO,FALSE,5835,2632,119,6103,4443,13/05/15 08:21,FALSE,https://t.co/cT46pkkCBO
141,https://twitter.com/CodeClanScot/status/1119209451335163905,CodeClan,Edinburgh & Glasgow & Inverness,Change your career through our immersive full time courses or up-skill through our range of short courses. Join our team and hire job-ready talent!,https://t.co/cT46pkkCBO,FALSE,5835,2632,119,6103,4443,13/05/15 08:21,FALSE,https://t.co/cT46pkkCBO
140,https://twitter.com/CodeClanScot/status/1119194207925751810,CodeClan,Edinburgh & Glasgow & Inverness,Change your career through our immersive full time courses or up-skill through our range of short courses. Join our team and hire job-ready talent!,https://t.co/cT46pkkCBO,FALSE,5835,2632,119,6103,4443,13/05/15 08:21,FALSE,https://t.co/cT46pkkCBO
139,https://twitter.com/CodeClanScot/status/1119156221267730432,CodeClan,Edinburgh & Glasgow & Inverness,Change your career through our immersive full time courses or up-skill through our range of short courses. Join our team and hire job-ready talent!,https://t.co/cT46pkkCBO,FALSE,5835,2632,119,6103,4443,13/05/15 08:21,FALSE,https://t.co/cT46pkkCBO
138,https://twitter.com/CodeClanScot/status/1118922517735976960,CodeClan,Edinburgh & Glasgow & Inverness,Change your career through our immersive full time courses or up-skill through our range of short courses. Join our team and hire job-ready talent!,https://t.co/cT46pkkCBO,FALSE,5835,2632,119,6103,4443,13/05/15 08:21,FALSE,https://t.co/cT46pkkCBO
137,https://twitter.com/CodeClanScot/status/1118907592338808832,CodeClan,Edinburgh & Glasgow & Inverness,Change your career through our immersive full time courses or up-skill through our range of short courses. Join our team and hire job-ready talent!,https://t.co/cT46pkkCBO,FALSE,5835,2632,119,6103,4443,13/05/15 08:21,FALSE,https://t.co/cT46pkkCBO
136,https://twitter.com/CodeClanScot/status/1118877319651909632,CodeClan,Edinburgh & Glasgow & Inverness,Change your career through our immersive full time courses or up-skill through our range of short courses. Join our team and hire job-ready talent!,https://t.co/cT46pkkCBO,FALSE,5835,2632,119,6103,4443,13/05/15 08:21,FALSE,https://t.co/cT46pkkCBO
135,https://twitter.com/CodeClanScot/status/1118856701757751297,CodeClan,Edinburgh & Glasgow & Inverness,Change your career through our immersive full time courses or up-skill through our range of short courses. Join our team and hire job-ready talent!,https://t.co/cT46pkkCBO,FALSE,5835,2632,119,6103,4443,13/05/15 08:21,FALSE,https://t.co/cT46pkkCBO
134,https://twitter.com/CodeClanScot/status/1118846994481545216,CodeClan,Edinburgh & Glasgow & Inverness,Change your career through our immersive full time courses or up-skill through our range of short courses. Join our team and hire job-ready talent!,https://t.co/cT46pkkCBO,FALSE,5835,2632,119,6103,4443,13/05/15 08:21,FALSE,https://t.co/cT46pkkCBO
133,https://twitter.com/CodeClanScot/status/1118831809855467520,CodeClan,Edinburgh & Glasgow & Inverness,Change your career through our immersive full time courses or up-skill through our range of short courses. Join our team and hire job-ready talent!,https://t.co/cT46pkkCBO,FALSE,5835,2632,119,6103,4443,13/05/15 08:21,FALSE,https://t.co/cT46pkkCBO
132,https://twitter.com/CodeClanScot/status/1118801539315970048,CodeClan,Edinburgh & Glasgow & Inverness,Change your career through our immersive full time courses or up-skill through our range of short courses. Join our team and hire job-ready talent!,https://t.co/cT46pkkCBO,FALSE,5835,2632,119,6103,4443,13/05/15 08:21,FALSE,https://t.co/cT46pkkCBO
131,https://twitter.com/CodeClanScot/status/1118786420913709056,CodeClan,Edinburgh & Glasgow & Inverness,Change your career through our immersive full time courses or up-skill through our range of short courses. Join our team and hire job-ready talent!,https://t.co/cT46pkkCBO,FALSE,5835,2632,119,6103,4443,13/05/15 08:21,FALSE,https://t.co/cT46pkkCBO
130,https://twitter.com/CodeClanScot/status/1118521337973223424,CodeClan,Edinburgh & Glasgow & Inverness,Change your career through our immersive full time courses or up-skill through our range of short courses. Join our team and hire job-ready talent!,https://t.co/cT46pkkCBO,FALSE,5835,2632,119,6103,4443,13/05/15 08:21,FALSE,https://t.co/cT46pkkCBO
129,https://twitter.com/CodeClanScot/status/1118466979734671360,CodeClan,Edinburgh & Glasgow & Inverness,Change your career through our immersive full time courses or up-skill through our range of short courses. Join our team and hire job-ready talent!,https://t.co/cT46pkkCBO,FALSE,5835,2632,119,6103,4443,13/05/15 08:21,FALSE,https://t.co/cT46pkkCBO
128,https://twitter.com/CodeClanScot/status/1118457238547464193,CodeClan,Edinburgh & Glasgow & Inverness,Change your career through our immersive full time courses or up-skill through our range of short courses. Join our team and hire job-ready talent!,https://t.co/cT46pkkCBO,FALSE,5835,2632,119,6103,4443,13/05/15 08:21,FALSE,https://t.co/cT46pkkCBO
127,https://twitter.com/CodeClanScot/status/1118158312200126466,CodeClan,Edinburgh & Glasgow & Inverness,Change your career through our immersive full time courses or up-skill through our range of short courses. Join our team and hire job-ready talent!,https://t.co/cT46pkkCBO,FALSE,5835,2632,119,6103,4443,13/05/15 08:21,FALSE,https://t.co/cT46pkkCBO
126,https://twitter.com/CodeClanScot/status/1118112823824068608,CodeClan,Edinburgh & Glasgow & Inverness,Change your career through our immersive full time courses or up-skill through our range of short courses. Join our team and hire job-ready talent!,https://t.co/cT46pkkCBO,FALSE,5835,2632,119,6103,4443,13/05/15 08:21,FALSE,https://t.co/cT46pkkCBO
125,https://twitter.com/CodeClanScot/status/1118107857713541120,CodeClan,Edinburgh & Glasgow & Inverness,Change your career through our immersive full time courses or up-skill through our range of short courses. Join our team and hire job-ready talent!,https://t.co/cT46pkkCBO,FALSE,5835,2632,119,6103,4443,13/05/15 08:21,FALSE,https://t.co/cT46pkkCBO
124,https://twitter.com/CodeClanScot/status/1117795776061636609,CodeClan,Edinburgh & Glasgow & Inverness,Change your career through our immersive full time courses or up-skill through our range of short courses. Join our team and hire job-ready talent!,https://t.co/cT46pkkCBO,FALSE,5835,2632,119,6103,4443,13/05/15 08:21,FALSE,https://t.co/cT46pkkCBO
123,https://twitter.com/CodeClanScot/status/1117793166374076416,CodeClan,Edinburgh & Glasgow & Inverness,Change your career through our immersive full time courses or up-skill through our range of short courses. Join our team and hire job-ready talent!,https://t.co/cT46pkkCBO,FALSE,5835,2632,119,6103,4443,13/05/15 08:21,FALSE,https://t.co/cT46pkkCBO
122,https://twitter.com/CodeClanScot/status/1117757663989903360,CodeClan,Edinburgh & Glasgow & Inverness,Change your career through our immersive full time courses or up-skill through our range of short courses. Join our team and hire job-ready talent!,https://t.co/cT46pkkCBO,FALSE,5835,2632,119,6103,4443,13/05/15 08:21,FALSE,https://t.co/cT46pkkCBO
121,https://twitter.com/CodeClanScot/status/1117744181865263105,CodeClan,Edinburgh & Glasgow & Inverness,Change your career through our immersive full time courses or up-skill through our range of short courses. Join our team and hire job-ready talent!,https://t.co/cT46pkkCBO,FALSE,5835,2632,119,6103,4443,13/05/15 08:21,FALSE,https://t.co/cT46pkkCBO
120,https://twitter.com/CodeClanScot/status/1117703231055044608,CodeClan,Edinburgh & Glasgow & Inverness,Change your career through our immersive full time courses or up-skill through our range of short courses. Join our team and hire job-ready talent!,https://t.co/cT46pkkCBO,FALSE,5835,2632,119,6103,4443,13/05/15 08:21,FALSE,https://t.co/cT46pkkCBO
119,https://twitter.com/CodeClanScot/status/1116732370282004482,CodeClan,Edinburgh & Glasgow & Inverness,Change your career through our immersive full time courses or up-skill through our range of short courses. Join our team and hire job-ready talent!,https://t.co/cT46pkkCBO,FALSE,5835,2632,119,6103,4443,13/05/15 08:21,FALSE,https://t.co/cT46pkkCBO
118,https://twitter.com/CodeClanScot/status/1116668659999694850,CodeClan,Edinburgh & Glasgow & Inverness,Change your career through our immersive full time courses or up-skill through our range of short courses. Join our team and hire job-ready talent!,https://t.co/cT46pkkCBO,FALSE,5835,2632,119,6103,4443,13/05/15 08:21,FALSE,https://t.co/cT46pkkCBO
117,https://twitter.com/CodeClanScot/status/1116364480299114504,CodeClan,Edinburgh & Glasgow & Inverness,Change your career through our immersive full time courses or up-skill through our range of short courses. Join our team and hire job-ready talent!,https://t.co/cT46pkkCBO,FALSE,5835,2632,119,6103,4443,13/05/15 08:21,FALSE,https://t.co/cT46pkkCBO
116,https://twitter.com/CodeClanScot/status/1116330394088034304,CodeClan,Edinburgh & Glasgow & Inverness,Change your career through our immersive full time courses or up-skill through our range of short courses. Join our team and hire job-ready talent!,https://t.co/cT46pkkCBO,FALSE,5835,2632,119,6103,4443,13/05/15 08:21,FALSE,https://t.co/cT46pkkCBO
115,https://twitter.com/CodeClanScot/status/1116030666376908801,CodeClan,Edinburgh & Glasgow & Inverness,Change your career through our immersive full time courses or up-skill through our range of short courses. Join our team and hire job-ready talent!,https://t.co/cT46pkkCBO,FALSE,5835,2632,119,6103,4443,13/05/15 08:21,FALSE,https://t.co/cT46pkkCBO
114,https://twitter.com/CodeClanScot/status/1115988721743142914,CodeClan,Edinburgh & Glasgow & Inverness,Change your career through our immersive full time courses or up-skill through our range of short courses. Join our team and hire job-ready talent!,https://t.co/cT46pkkCBO,FALSE,5835,2632,119,6103,4443,13/05/15 08:21,FALSE,https://t.co/cT46pkkCBO